{"cameraMode":{"drawMode":0,"name":"Shaded","section":"Shading Mode"},"sceneLighting":true,"audioPlay":false,"sceneViewState":{"showFog":true,"showMaterialUpdate":false,"showSkybox":true,"showFlares":true,"showImageEffects":true,"showParticleSystems":true},"in2DMode":false,"pivot":{"x":4.243447303771973,"y":-3.5457653999328615,"z":-0.286925345659256},"rotation":{"x":-0.19019566476345063,"y":-0.6337873935699463,"z":0.16480523347854615,"w":-0.7314222455024719},"size":16.774564743041993,"orthographic":false}